{
    "logo": {
        "path": "/ecommerce",
        "src": "images/logo.webp",
        "alt": "blue",
        "name": "hotash"
    },
    "pattern": { 
        "src": "images/pattern.webp", 
        "alt": "line-pattern" 
    },
    "title": "Login to Hotash",
    "input": [
        { 
            "icon": "email", 
            "type": "email", 
            "placeholder": "Enter your email",
            "fieldSize": "w-100 h-sm"
        },
        { 
            "icon": "lock", 
            "type": "password", 
            "placeholder": "Enter your password",
            "fieldSize": "w-100 h-sm",
            "passwordVisible" : true
        },
        {
            "icon": "verified_user",
            "fieldSize": "w-100 h-sm",
            "option": ["select user role", "admin", "member", "client", "manager", "vendor"]
        }
    ],
    "button": { "type": "button", "text": "sign in", "fieldSize": "h-sm" },
    "forgot": { "path": "/forgot-password", "text": "forgot password?" },
    "divide": { "text": "or" },
    "connect": [
        { 
            "path": "#", 
            "classes": "twitter h-sm", 
            "icon": "icofont-twitter", 
            "text": "Continue with Twitter" 
        },
        { 
            "path": "#", 
            "classes": "facebook h-sm", 
            "icon": "icofont-facebook", 
            "text": "Continue with Facebook" 
        }
    ],
    "navigate": {
        "title": "Don't have an account?",
        "path": "/register",
        "text": "register"
    }
}